Produto,Link imagem,Preço (R$),Recompra (dias),avisos configurados
Ácido Fólico C/60,https://images.tcdn.com.br/img/img_prod/1357905/acido_folico_c_60_89_1_872571d0d07a47b9d6515da56fcd6cb4.png,"56,4",58,5
B12 + Metilfolato C/60,https://images.tcdn.com.br/img/img_prod/1357905/b12_metilfolato_c_60_93_1_30efcb1fa065a286d881a801e417f79b.png,"65,2",58,5
Coenzima Q10 C/60,https://images.tcdn.com.br/img/img_prod/1357905/coenzima_q10_c_60_99_1_f8bdda9a4c868b8adf164b5124204be9.png,"100,5",58,5
Complexo B C/60,https://images.tcdn.com.br/img/img_prod/1357905/complexo_b_c_60_101_1_56af43b27a9b70c7f6d562341437b982.png,"48,8",58,5
Creatina Efervescente Maçã Verde 180g,https://images.tcdn.com.br/img/img_prod/1357905/creatina_efervescente_maca_verde_180_gr_187_1_3f4f8c0770caef2d7262702c4e307816.jpg,"74,8",28,5
Creatina Efervescente Maçã Verde 360g,https://images.tcdn.com.br/img/img_prod/1357905/creatina_efervescente_maca_verde_360_gr_189_1_4e4f65668cc07be535692d7fc6a5c513.jpg,"89,8",44,5
Creatina Efervescente Natural 150g,https://images.tcdn.com.br/img/img_prod/1357905/creatina_efervescente_natural_150_gr_105_1_008b2ed55163664d7fd6be3e696801c6.png,84,28,5
Creatina Efervescente Natural 360g,https://images.tcdn.com.br/img/img_prod/1357905/creatina_efervescente_natural_360_gr_191_1_5bf95502eab048729f874774eb6f510e.jpg,"89,8",44,5
Creatina Efervescente Uva 150g,https://images.tcdn.com.br/img/img_prod/1357905/creatina_efervescente_uva_150_gr_107_1_6507d50c8bedd1cc6a9c1b74642f0675.png,84,28,5
Creatina Efervescente Uva 180g,https://images.tcdn.com.br/img/img_prod/1357905/creatina_efervescente_uva_180_gr_193_1_4ccc8d7aedd953425b0a999d6c3cee47.jpg,"74,8",28,5
Creatina Efervescente Uva 360g,https://images.tcdn.com.br/img/img_prod/1357905/creatina_efervescente_uva_360_gr_195_1_05bf7c9e7e5d0ee5928f054a5d6ba676.jpg,"89,8",44,5
Cúrcuma C/60,https://images.tcdn.com.br/img/img_prod/1357905/curcuma_c_60_109_1_8f3195b3613d3f98b28794e8fb999763.png,"70,7",58,5
Melatonina C/60,https://images.tcdn.com.br/img/img_prod/1357905/melatonina_c_60_117_1_f0a2f8af9ad1aaa21e4015bc99444823.png,"48,8",58,5
Piu AminoMix Sachê C/30,https://images.tcdn.com.br/img/img_prod/1357905/piu_aminomix_sache_c_30_123_1_c457b99753b198020103b929f2347e4d.png,"95,9",28,5
Piu Brain C/60,https://images.tcdn.com.br/img/img_prod/1357905/piu_brain_c_60_91_1_1019bd60368304e6ce7f6fa1f9eb02ad.png,"201,5",58,5
Piu Cuore C/30,https://images.tcdn.com.br/img/img_prod/1357905/piu_cuore_c_30_125_1_661f4b1ba4b7e551365d4492e747cbc3.png,"95,2",28,5
Piu Cuore D3 C/30,https://images.tcdn.com.br/img/img_prod/1357905/piu_cuore_d3_c_30_127_1_346cb0d18380ddf93869446314c98c82.png,"106,6",28,5
Piu Energy 1 C/60,https://images.tcdn.com.br/img/img_prod/1357905/piu_energy_1_c_60_129_1_84c81866d406cc5494b578e6faaca7a6.png,"124,9",58,5
Piu Energy 2 C/30,https://images.tcdn.com.br/img/img_prod/1357905/piu_energy_2_c_30_131_1_9d133931e9bac6b8229a7644ec69f55b.png,"83,3",28,5
Piu MAG + Magnésio C/60,https://images.tcdn.com.br/img/img_prod/1357905/piu_mag_magnesio_c_60_135_1_32021e81ff9e1ac8f5637af413210680.png,"101,1",58,5
Piu Max Colágeno C/30,https://images.tcdn.com.br/img/img_prod/1357905/piu_max_colageno_c_30_137_1_608279a27c4121f4eeb8d2ed03c0c5bb.png,"101,1",28,5
Piu Multi AZ C/60,https://images.tcdn.com.br/img/img_prod/1357905/piu_multi_az_c_60_139_1_9644f52f84f7bd54089ddd1d1cdadc52.png,"83,3",58,5
Piu Multi Mulher C/60,https://images.tcdn.com.br/img/img_prod/1357905/piu_multi_mulher_c_60_141_1_a9832cd803579810b3d550c017d6cf52.png,"75,7",58,5
Piu NAC Pro 200mg Sachê C/30,https://images.tcdn.com.br/img/img_prod/1357905/piu_nac_pro_200mg_sache_c_30_143_1_d89b7badad7dcbf8c71c9dba53f5b4cd.png,"85,4",28,5
Piu Zen C/60,https://images.tcdn.com.br/img/img_prod/1357905/piu_zen_c_60_161_1_4eb02e3877835dbd8175949be56b0386.png,"107,1",58,5
Piùfort Antiox,https://images.tcdn.com.br/img/img_prod/1357905/piufort_antiox_177_1_64b6371e485d0a1131e39130941eb9b4.jpg,"149,9",30,5
Piùfort Gestan,https://images.tcdn.com.br/img/img_prod/1357905/piufort_gestan_179_1_1fa6d7bc258379b312651101db101f6e.jpg,197,30,5
Piùfort Imune,https://images.tcdn.com.br/img/img_prod/1357905/piufort_imune_181_1_f7c354d5edaa20f73c9b6e418fecdcf6.jpg,"99,9",30,5
Piùfort Slim,https://images.tcdn.com.br/img/img_prod/1357905/piufort_slim_185_1_b4595e7ff997dbf85c55d71f925e1bc1.jpg,"109,9",30,5
Piùfort Woman,https://images.tcdn.com.br/img/img_prod/1357905/piufort_woman_183_1_64142bf4bc769ac2bc1b0459c0a21a94.jpg,"99,9",30,5
